kepid,tce_period,tce_time0bk,campaign,tce_planet_num,tce_duration,tce_depth,tce_impact,av_training_set
201050049,28.22739551,2775.584334,10,1,1.393672541,-0.5,0.058069689, J
201071583,15.70081654,2762.915402,10,1,1.729159247,-0.5,0.072048302, J
201072501,22.05180955,2768.120108,10,1,0.266893899,-0.5,0.011120579, J
201073867,28.71224734,2761.514004,10,1,1.613652645,0.5,0.067235527, J
201077909,0.122610196,2749.660733,10,1,0.070623473,0.01,0.002942645, J
201078539,0.122610196,2749.660732,10,1,0.070623473,0.01,0.002942645, J
201081029,30.5409607,2757.936506,10,1,3.389800119,0.5,0.141241672, J
201081826,17.83796925,2766.958598,10,1,1.8996822,0.001751932,0.079153425, J
201082356,24.0738075,2760.340542,10,1,1.896529104,-0.5,0.079022046, J
201084454,0.122610196,2749.660733,10,1,0.070623473,0.01,0.002942645, J
201084564,0.122610196,2749.660734,10,1,0.070623473,0.01,0.002942645, J
201085153,0.257228228,2749.8143,10,1,0.587754245,-0.5,0.02448976, J
201089381,0.160406722,2749.632876,10,1,0.353482235,-0.5,0.014728426, C
201090326,19.33973395,2765.45737,10,1,3.879056739,-0.04072519,0.161627364, J
201091593,2.917199068,2750.105405,10,1,3.234882313,0.5,0.134786763, C
201092629,23.38401556,2754.689343,10,1,6.231190036,-0.5,0.259632918, J
201093731,31.19420815,2770.646075,10,1,5.735734201,0.5,0.238988925,R
201094853,0.72166948,2750.24464,10,1,3.284803082,-0.5,0.136866795, J
201096477,28.71225523,2761.514076,10,1,1.527135597,0.497500851,0.06363065, J
201096531,0.122610196,2749.660726,10,1,0.070623473,0.01,0.002942645, J
201097372,26.14220124,2750.951511,10,1,8.69851804,0.022894883,0.362438252, J
201097690,23.19703554,2762.679824,10,1,1.537912445,-0.5,0.064079685, J
201097883,0.735916537,2750.117657,10,1,0.407743231,-0.5,0.016989301, J
201099469,0.122610196,2749.660723,10,1,0.070623473,0.01,0.002942645, J
201099741,4.027601384,2752.97528,10,1,3.432066882,0.5,0.143002787, E
201101527,0.122610196,2749.660725,10,1,0.070623473,0.01,0.002942645, J
201101934,21.72833057,2768.449141,10,1,2.059351922,-0.5,0.08580633, J
201102523,0.122610196,2749.660725,10,1,0.070623473,0.01,0.002942645, J
201102594,6.510834122,2753.263781,10,1,2.775459577,0.5,0.115644149, C
201104283,0.122610196,2749.660723,10,1,0.070623473,0.01,0.002942645, J
201105498,0.122538686,2749.699901,10,1,0.070582283,0.01,0.002940928, J
201108947,29.18143714,2760.611173,10,1,14.88134757,-0.5,0.620056149, J
201108991,29.07695789,2760.837185,10,1,14.99531029,-0.5,0.624804596, J
201110235,19.21833822,2765.66022,10,1,1.653229155,-0.5,0.068884548, J
201110617,0.81330248,2750.135521,10,1,1.233893424,0.5,0.051412226, C
201110848,4.740408482,2753.270383,10,1,3.88801526,-0.5,0.162000636, E
201111557,2.302629492,2750.156036,10,1,1.447080828,0.5,0.060295034, C
201113173,34.1655023,2775.755706,10,1,1.072633104,-0.5,0.044693046, J
201114240,0.122610196,2749.66072,10,1,0.070623473,0.01,0.002942645, J
201115195,33.11382043,2770.532519,10,1,10.65678172,-0.5,0.444032572, J
201116609,30.06939613,2760.156989,10,1,1.309693323,0.5,0.054570555, J
201117613,34.29584079,2775.753472,10,1,6.24437943,-0.350193741,0.260182476, J
201119268,0.10214249,2749.615615,10,1,0.251472341,0.5,0.010478014, J
201119435,0.641026882,2750.038375,10,1,1.127162854,0.5,0.046965119,E
201120067,9.913929194,2750.535062,10,1,0.612113294,-0.5,0.025504721, J
201123647,19.11495161,2765.956098,10,1,6.619853409,0.403789166,0.275827225, J
201126516,0.102198616,2749.662607,10,1,0.058866403,0.01,0.002452767, J
201127136,22.7183428,2763.164071,10,1,1.201548504,-0.5,0.050064521, J
201127519,6.178818186,2752.547972,10,1,2.91562361,0.395102883,0.121484317, C
201127872,0.122628085,2749.707288,10,1,0.070633777,0.01,0.002943074, J
201128338,32.65441661,2775.61432,10,1,4.298269441,-0.5,0.17909456, C
201129292,31.57188748,2756.846882,10,1,2.150805849,0.137464095,0.08961691, J
201130233,0.365162045,2749.834005,10,1,0.944479133,-0.305292005,0.039353297, C
201130967,0.157274788,2749.670998,10,1,0.717260792,0.5,0.029885866, J
201131798,0.113712163,2749.685535,10,1,0.25,0.5,0.010416667, J
201131951,0.157294732,2749.667682,10,1,0.885921293,0.5,0.036913387, J
201132684,10.05399716,2757.524406,10,1,6.682819648,0.5,0.278450819, C
201132852,0.157249572,2749.678095,10,1,0.588020727,-0.5,0.024500864, J
201132898,0.157330531,2749.657175,10,1,0.583418675,-0.5,0.024309111, J
201133348,0.157286606,2749.668235,10,1,0.620549169,-0.5,0.025856215, J
201133845,0.48409614,2749.899945,10,1,2.405874386,0.5,0.100244766, E
201133876,0.484096951,2749.899914,10,1,2.395710321,0.5,0.099821263, E
201137225,19.30931555,2765.138545,10,1,1.341966237,-0.275381622,0.05591526, J
201140202,7.993923289,2756.760032,10,1,4.36313523,0.216220168,0.181797301, E
201140582,20.1218609,2769.697463,10,1,1.473080441,0.5,0.061378352, J
201141898,30.5408696,2757.914846,10,1,4.399745749,0.107521699,0.18332274, J
201142444,33.36662642,2780.433836,10,1,5.105953567,-0.397268364,0.212748065, J
201143257,28.71227825,2761.512806,10,1,1.277775666,0.5,0.053240653, J
201146363,18.670012,2751.235735,10,1,2.280525551,-0.5,0.095021898, J
201153193,5.388248642,2751.396984,10,1,4.728412177,-0.114044088,0.197017174, E
201162906,33.84147884,2776.948864,10,1,12.97354765,0.5,0.540564485,J
201166041,2.711471052,2750.139122,10,1,5.385761793,0.5,0.224406741, E
201166106,33.64988982,2770.459515,10,1,1.93337849,-0.5,0.080557437, J
201166680,18.1282886,2765.134476,10,1,5.172391516,-0.096758882,0.215516313, C
201169291,32.07496394,2770.576448,10,1,9.986132864,-0.5,0.416088869, J
201169634,2.566607925,2750.839301,10,1,9.231369839,0.041027996,0.38464041, J
201170956,25.24653823,2759.566297,10,1,6.614302334,0.5,0.275595931, J
201178073,0.211656159,2749.734789,10,1,0.56487579,-0.5,0.023536491, C
201178984,23.59012073,2771.592382,10,1,8.804029133,0.318683744,0.366834547,R
201180665,17.77303635,2753.498442,10,1,3.9581805,-0.009867174,0.164924188,E
201181189,0.102086462,2749.644337,10,1,0.058801802,0.01,0.002450075, J
201181397,0.197169324,2749.719334,10,1,0.369732581,0.5,0.015405524, J
201182724,20.05781619,2766.387587,10,1,1.012450577,-0.5,0.042185441, J
201183134,20.12211938,2769.697629,10,1,1.183092127,0.5,0.049295505, J
201184835,1.961448767,2751.292665,10,1,3.181371819,-0.191723262,0.132557159, J
201190906,13.62139834,2759.253285,10,1,6.322280933,0.5,0.263428372, C
201191442,33.27025015,2770.543194,10,1,1.631568339,-0.5,0.067982014, J
201191863,0.102184586,2749.675831,10,1,0.117716643,0.01,0.00490486, J
201193419,24.79853817,2761.08444,10,1,1.383632869,-0.33202181,0.05765137, J
201194091,34.49283076,2769.647007,10,1,2.598211762,-0.5,0.108258823, J
201195690,0.122628093,2749.709912,10,1,0.070633781,0.01,0.002943074, J
201195734,1.961448545,2751.291171,10,1,3.346550065,-0.5,0.139439586, J
201198039,5.923304067,2750.121618,10,1,14.3321741,-0.25959022,0.597173921, E
201201504,0.169568469,2749.748988,10,1,0.659473176,-0.5,0.027478049, J
201203416,0.113148148,2749.652204,10,1,0.25,0.5,0.010416667, J
201208232,17.04179358,2753.055243,10,1,1.409432612,-0.5,0.058726359, J
201208775,29.20970894,2760.443981,10,1,3.946320945,-0.39453149,0.164430039, J
201209030,15.65494925,2753.151057,10,1,3.443833864,0.347138597,0.143493078, J
201209647,34.44401069,2783.448486,10,1,9.130765099,-0.5,0.380448546, J
201211526,21.0867036,2755.461142,10,1,4.539403217,0.5,0.189141801, C
201211969,1.963337569,2750.499073,10,1,1.810699981,-0.5,0.075445833, E
201212689,14.45564972,2761.262435,10,1,3.457165134,-0.5,0.144048547, J
201213215,8.131521321,2753.815588,10,1,16.97405386,-0.046331207,0.707252244, J
201215621,33.55368583,2770.629814,10,1,6.413043206,-0.067423839,0.267210134, J
201215774,18.18388063,2758.90483,10,1,5.777634014,-0.027733183,0.240734751, E
201215903,0.245043203,2749.656945,10,1,0.141144885,0.01,0.005881037, J
201220323,10.97869868,2751.804304,10,1,1.661506531,-0.113520432,0.069229439, C
201222789,32.95765948,2777.073125,10,1,2.276573305,-0.5,0.094857221,J
201225286,12.42056708,2753.517297,10,1,3.684530314,0.5,0.153522096, C
201227100,3.705845284,2752.66677,10,1,1.874147553,-0.075094956,0.078089481, C
201227197,3.705745176,2752.667406,10,1,1.7137741,-0.302420695,0.071407254, C
201227371,23.62952054,2762.82139,10,1,2.081070007,-0.031945789,0.08671125, J
201231064,9.281284336,2754.85172,10,1,5.307698676,0.395005391,0.221154111, C
201234090,15.65512076,2753.165464,10,1,2.685197283,-0.5,0.11188322, J
201242716,33.38804758,2778.687287,10,1,5.808314149,-0.5,0.24201309, J
201243286,22.54934983,2753.05444,10,1,2.161763267,-0.5,0.090073469, J
201243914,1.345891698,2750.947804,10,1,9.91873138,0.5,0.413280474, J
201245497,32.82041469,2771.33403,10,1,6.15399404,-0.5,0.256416418, J
201246151,21.2204655,2769.409182,10,1,0.268715197,0.5,0.011196467, J
201247383,17.70187634,2766.697431,10,1,2.008931313,-0.5,0.083705471, J
201248814,23.82901494,2770.515252,10,1,5.248030004,0.5,0.218667917, J
201255087,21.32434631,2755.438527,10,1,8.362610093,0.153880695,0.348442087, J
201258055,32.50523373,2770.556969,10,1,11.28930645,-0.5,0.470387769, J
201259389,0.122645982,2749.727108,10,1,0.070644085,0.01,0.002943504, J
201259704,0.119983638,2749.641989,10,1,0.25,0.498447227,0.010416667, J
201262663,11.34515402,2759.679717,10,1,3.599007247,0.5,0.149958635, E
201264591,30.40122404,2758.224823,10,1,8.773842212,0.389747682,0.365576759, J
201265343,25.66995353,2764.489823,10,1,1.23822395,-0.5,0.051592665, J
201267595,0.142583132,2749.723584,10,1,0.350768429,0.5,0.014615351, J
201273373,31.07915706,2753.640591,10,1,1.584439294,-0.5,0.066018304, J
201274010,13.00985588,2756.512004,10,1,3.504948922,-0.5,0.146039538, C
201274872,8.788794198,2757.984662,10,1,11.04445584,-0.5,0.46018566, E
201275356,20.52837519,2769.627661,10,1,0.953724572,0.5,0.039738524, J
201278316,3.438693614,2751.738157,10,1,3.5995091,-0.315999242,0.149979546, E
201278924,33.43587402,2754.974907,10,1,2.958117715,0.5,0.123254905, J
201283111,0.148400647,2749.647502,10,1,0.25,0.5,0.010416667, E
201286646,33.11384184,2770.684727,10,1,2.344261965,-0.077378553,0.097677582, J
201288509,0.410355441,2749.933863,10,1,1.866965573,0.5,0.077790232, E
201289302,4.753374861,2751.619755,10,1,5.180745954,0.5,0.215864415, C
201289930,13.38517691,2751.822459,10,1,0.895252922,0.5,0.037302205, J
201290846,26.93192066,2770.73203,10,1,1.696982194,-0.5,0.070707591, J
201291506,30.54091397,2757.923231,10,1,3.59739001,-0.5,0.14989125, J
201293207,24.65309301,2768.05155,10,1,1.037624591,-0.5,0.043234358, J
201293970,9.06732796,2752.484964,10,1,7.572468606,0.068923678,0.315519525, E
201297484,33.27040995,2770.665314,10,1,6.74552423,0.5,0.28106351, J
201297635,23.75024275,2761.00133,10,1,1.335123786,-0.5,0.055630158, J
201299088,21.1709268,2767.386926,10,1,14.22796794,0.388471077,0.592831997, C
201300237,23.66316169,2770.775272,10,1,4.469755374,0.5,0.186239807, J
201301658,28.71235674,2761.513266,10,1,1.249660748,0.5,0.052069198, J
201302547,28.71233685,2761.513528,10,1,1.344425245,0.497853792,0.056017719, J
201305852,28.78979035,2761.383747,10,1,2.040717614,0.01,0.085029901, J
201312188,0.153304443,2749.702681,10,1,0.621274551,0.5,0.02588644, J
201313818,23.55839084,2756.33396,10,1,3.780389896,0.5,0.157516246, E
201314531,28.60937711,2761.555156,10,1,1.749704982,-0.5,0.072904374, J
201321030,0.1845313,2749.732837,10,1,0.345385289,0.5,0.014391054,E
201323613,0.197150363,2749.637082,10,1,0.769004475,0.499102141,0.032041853, E
201324389,22.60547735,2763.312348,10,1,0.464876855,0.204966174,0.019369869, J
201325107,0.744291857,2749.777945,10,1,3.576631041,0.5,0.149026293, E
201326870,0.102128498,2749.633808,10,1,0.058826015,0.01,0.002451084, J
201328572,19.73989592,2764.404848,10,1,18.71301869,0.5,0.779709112, J
201331483,28.71234322,2761.514699,10,1,1.401945452,0.486632172,0.058414394, J
201335426,0.507741436,2749.922389,10,1,2.554234218,0.5,0.106426426, E
201337436,27.05145586,2750.049679,10,1,8.714538632,0.26498238,0.363105776, J
201337877,14.56993565,2760.993186,10,1,1.307189552,-0.5,0.054466231, J
201340727,0.185769142,2749.649767,10,1,0.25,0.5,0.010416667, J
201344269,1.442806393,2750.183505,10,1,9.365612813,0.364533394,0.390233867, J
201350882,23.82337249,2770.534937,10,1,6.493919327,0.403098363,0.270579972, J
201352100,13.3836614,2761.791854,10,1,2.741606812,0.145820929,0.114233617, C
201352331,23.76942205,2770.577961,10,1,3.258304856,-0.481113008,0.135762702, J
201353635,18.21254557,2767.663968,10,1,1.559443317,-0.5,0.064976805, J
201356762,20.17324564,2763.765202,10,1,1.143409334,0.5,0.047642056, J
201357643,11.89310143,2754.554914,10,1,5.127801359,-0.5,0.21365839, C
201357649,33.3350606,2776.730968,10,1,11.66183038,0.5,0.485909599, J
201357835,11.89323069,2754.55419,10,1,5.178480114,-0.5,0.215770005, C
201364309,24.4584793,2769.946629,10,1,9.218382366,-0.5,0.384099265, J
201364695,0.102254756,2749.634005,10,1,0.058898739,0.01,0.002454114, J
201370737,27.41647286,2776.74678,10,1,8.992099702,0.233357659,0.374670821, J
201371836,0.335871156,2749.652303,10,1,0.565420655,-0.5,0.023559194,E
201374002,17.63438201,2766.8152,10,1,1.957137869,-0.5,0.081547411, J
201375554,14.53124317,2761.070038,10,1,0.25,0.5,0.010416667, J
201376080,9.554463613,2751.502199,10,1,1.676792234,-0.5,0.069866343, J
201376443,23.76939595,2770.608579,10,1,4.778500187,-0.5,0.199104174, J
201379977,28.71239122,2761.519098,10,1,1.234499061,0.5,0.051437461, J
201381274,23.79147322,2770.621088,10,1,8.460599314,0.396586872,0.352524971, J
201382929,25.73656672,2766.70428,10,1,6.704862601,0.393304426,0.279369275, J
201384003,23.8175063,2770.514949,10,1,5.607344187,0.5,0.233639341, J
201384502,7.928557841,2753.021534,10,1,1.511038018,-0.5,0.062959917, J
201386739,5.769260503,2750.669203,10,1,3.417875743,-0.207807779,0.142411489, C
201388074,27.45992364,2770.667633,10,1,1.398711563,0.5,0.058279648, J
201388830,23.80882182,2770.546282,10,1,5.358549155,0.5,0.223272881, J
201389460,0.5665659,2750.005885,10,1,3.474222067,-0.433731495,0.144759253, J
201390048,9.455393722,2750.917291,10,1,2.816092167,0.34719979,0.117337174, C
201390927,2.638098442,2750.339601,10,1,1.741507305,-0.5,0.072562804, C
201392757,0.102212645,2749.662277,10,1,0.058874484,0.01,0.002453103, J
201392902,28.71236761,2761.513839,10,1,1.458437739,0.5,0.060768239, J
201395795,23.19710298,2769.407233,10,1,1.833078377,-0.300577463,0.076378266, J
201397005,8.461752885,2753.983769,10,1,3.015563785,-0.5,0.125648491, C
201399076,4.065773408,2750.660983,10,1,1.173332532,-0.5,0.048888856, E
201399081,15.65491046,2762.997358,10,1,1.608133075,-0.5,0.067005545, J
201399366,15.66632079,2753.106143,10,1,0.909391759,-0.5,0.037891323, J
201401713,13.80425484,2761.639096,10,1,10.7736878,0.488470493,0.448903658, J
201406296,0.102226682,2749.643928,10,1,0.058882569,0.01,0.00245344, J
201406921,0.134463313,2749.649804,10,1,0.25,0.5,0.010416667, J
201407575,15.75902226,2759.802713,10,1,4.026612997,0.5,0.167775542, E
201409304,0.189682263,2749.712327,10,1,0.380278508,0.5,0.015844938, J
201410824,23.78728242,2770.569879,10,1,5.265068116,0.442214955,0.219377838, J
201415738,33.58630873,2753.05101,10,1,1.830928092,-0.5,0.07628867, J
201418395,23.7694967,2770.586203,10,1,3.872781754,0.5,0.161365906, J
201421083,33.5298366,2780.46311,10,1,6.352286221,-0.5,0.264678593, J
201421144,0.326853245,2749.666073,10,1,0.188267469,0.01,0.007844478, J
201422009,23.77295728,2770.593751,10,1,5.274290448,0.5,0.219762102, J
201427001,23.53044756,2760.429785,10,1,1.31669235,-0.5,0.054862181, J
201427874,6.672723902,2749.849992,10,1,3.193087674,0.5,0.13304532, C
201431006,30.31786101,2758.130683,10,1,2.38067942,-0.5,0.099194976, J
201433403,24.61134683,2769.581474,10,1,6.288373125,0.5,0.262015547, J
201435210,15.70093291,2753.010294,10,1,1.796991642,-0.5,0.074874652, J
201437844,21.05853042,2757.073047,10,1,4.560378413,0.155839546,0.190015767, C
201438507,0.102254756,2749.656344,10,1,0.058898739,0.01,0.002454114, J
201441859,18.61203519,2762.908532,10,1,1.06594476,0.5,0.044414365, J
201441969,23.76900516,2770.612019,10,1,6.028764834,0.181559758,0.251198535, J
201443774,23.82229664,2770.532084,10,1,5.318721534,0.5,0.221613397, J
201449578,5.936447326,2750.741367,10,1,5.721234312,-0.5,0.238384763, J
201449590,13.70739497,2760.973792,10,1,1.736858212,-0.032323793,0.072369092, J
201449820,0.284571777,2749.779237,10,1,0.800604347,-0.5,0.033358514, J
201454397,12.60381993,2755.703552,10,1,2.028068465,0.5,0.084502853, C
201456770,8.003634246,2753.05606,10,1,2.53906294,-0.084168752,0.105794289, C
201464241,23.76946776,2770.618976,10,1,5.575333615,0.009984419,0.232305567, J
201464680,13.62074175,2759.239447,10,1,3.421884469,-0.236645929,0.14257852, J
201467243,2.453571632,2751.037414,10,1,0.973850458,-0.5,0.040577102, J
201468338,15.68935522,2753.043399,10,1,2.837679305,0.5,0.118236638, J
201469159,27.36290109,2764.187544,10,1,1.60902754,-0.5,0.067042814, J
201469175,23.80835017,2770.542343,10,1,5.397459435,0.5,0.224894143, J
201471313,20.71148757,2769.463949,10,1,2.35667293,-0.5,0.098194705, J
201473790,17.44712921,2766.959081,10,1,1.558728059,-0.5,0.064947002, J
201474871,23.82919026,2770.497082,10,1,5.905500505,0.5,0.246062521, J
201485916,4.746435923,2751.658185,10,1,4.561612289,0.230653185,0.190067179, J
201486386,18.21252107,2750.765709,10,1,2.046358525,-0.5,0.085264939, J
201490744,28.60946638,2761.560773,10,1,2.167654719,0.5,0.090318947, J
201492240,19.37026061,2765.043129,10,1,2.261740897,-0.5,0.094239204, J
201493225,28.45580739,2771.671942,10,1,2.0648221,-0.5,0.086034254, J
201496916,19.29539334,2761.00417,10,1,8.323388661,0.5,0.346807861, J
201502199,3.553352346,2751.278113,10,1,4.836126359,0.5,0.201505265, E
201502299,0.337110609,2749.687901,10,1,0.194175711,0.01,0.008090655, J
201502783,33.39726025,2780.431524,10,1,5.302690594,-0.5,0.220945441, J
201505002,13.62107052,2759.242977,10,1,4.811348736,-0.152780679,0.200472864, J
201505700,1.249640393,2750.837613,10,1,5.622060259,-0.5,0.234252511, J
201506483,22.30877266,2753.074603,10,1,1.141705283,-0.5,0.047571053, J
201510796,15.68936748,2753.042884,10,1,2.867465977,0.5,0.119477749, J
201510813,31.39691559,2770.62313,10,1,5.085301253,0.146665535,0.211887552, J
201512776,28.71228991,2761.512332,10,1,1.469505718,0.5,0.061229405, J
201513514,33.05139568,2770.598531,10,1,8.153763281,-0.5,0.339740137, J
201515363,14.22045304,2757.471373,10,1,1.826365113,0.5,0.076098546, J
201517358,13.62110359,2759.239486,10,1,3.414308762,0.5,0.142262865, C
201527489,23.82893392,2770.515783,10,1,7.392474614,0.5,0.308019776, J
201528828,14.09986612,2753.7608,10,1,3.425432424,-0.472352117,0.142726351, C
201530621,32.2551766,2753.629241,10,1,1.910822575,-0.5,0.079617607, U
201531633,10.22788079,2758.495254,10,1,7.129508774,0.402028322,0.297062866, E
201532143,23.82961193,2770.51858,10,1,5.591851502,0.341899998,0.232993813, J
201532625,23.77180307,2770.592825,10,1,3.98094907,-0.5,0.165872878, J
201535314,25.58760188,2764.63649,10,1,2.006783013,0.5,0.083615959, J
201536760,23.74924677,2770.689947,10,1,5.874188577,0.5,0.244757857, J
201540925,23.78047493,2770.581674,10,1,4.993502245,0.5,0.208062594, J
201543751,28.55813363,2761.685295,10,1,2.477824438,-0.5,0.103242685, J
201544293,27.50894641,2777.078202,10,1,1.870967228,-0.5,0.077956968, J
201547202,23.7694646,2770.584156,10,1,4.351704502,-0.5,0.181321021, J
201548063,16.50376238,2752.604884,10,1,3.095584618,-0.141207397,0.128982692, E
201554070,23.7695357,2770.599327,10,1,5.732402185,0.121266328,0.238850091, J
201554584,23.76942348,2770.579966,10,1,3.320667736,-0.5,0.138361156, J
201569875,23.82736106,2770.485132,10,1,5.110503759,0.5,0.212937657, J
201570179,23.76944287,2770.584677,10,1,4.152884787,-0.5,0.173036866, J
201571116,0.102212645,2749.674835,10,1,0.058874484,0.01,0.002453103, J
201571532,0.122556567,2749.694939,10,1,0.070592583,0.01,0.002941358, J
201578486,0.117380128,2749.696824,10,1,0.25,0.5,0.010416667, J
201578752,23.77009327,2770.583259,10,1,4.16291101,0.5,0.173454625, J
201579016,23.7695056,2770.578866,10,1,3.491534358,-0.5,0.145480598, J
201581361,24.23724041,2767.3233,10,1,1.395557023,-0.5,0.058148209, J
201581953,8.180441539,2756.185344,10,1,2.334449953,0.5,0.097268748, E
201582015,13.01887903,2762.54076,10,1,1.69787887,-0.5,0.070744953, J
201583950,16.91373578,2751.368711,10,1,1.419774413,-0.5,0.059157267, J
201585635,28.71232197,2761.519521,10,1,1.594864042,0.5,0.066452668, J
201591763,14.72710072,2756.912879,10,1,3.289604812,0.400742912,0.137066867, J
201593448,23.82710988,2770.530504,10,1,5.475076922,-0.5,0.228128205, J
201593519,23.79102609,2770.591612,10,1,6.545407312,-0.5,0.272725305, J
201594160,30.4010792,2758.046907,10,1,3.407482691,-0.5,0.141978445, J
201595106,0.877085565,2750.050381,10,1,1.141484524,0.096288341,0.047561855, C
201595925,9.667987317,2755.75411,10,1,3.100481793,-0.5,0.129186741, J
201609327,23.76938995,2770.609289,10,1,6.565848512,0.45588251,0.273577021, J
201612774,23.81044503,2770.529564,10,1,4.127278969,-0.466069422,0.171969957, J
201615463,8.527873225,2753.762582,10,1,5.292068709,-0.129367145,0.220502863, C
201616438,24.38122838,2765.887416,10,1,2.496313231,0.5,0.104013051, J
201623916,23.78290779,2770.570959,10,1,5.396273368,0.283992027,0.224844724, J
201628885,32.86529113,2777.07405,10,1,2.195059621,-0.5,0.091460818, J
201633548,23.76946398,2770.604439,10,1,5.517619783,-0.5,0.229900824, J
201662628,12.66672161,2755.224496,10,1,9.39182849,0.296851807,0.391326187, J
201665514,24.11401434,2760.290951,10,1,1.855475432,-0.5,0.077311476, J
201665649,23.23591139,2771.641168,10,1,3.299677953,-0.5,0.137486581, J
201672534,0.122681774,2749.719585,10,1,0.070664702,0.01,0.002944363, J
228700674,6.463923238,2750.92919,10,1,10.72354243,0.5,0.446814268, J
228704738,18.21370925,2766.193426,10,1,1.033814028,0.5,0.043075584, J
228705625,0.102128491,2749.614279,10,1,0.058826011,0.01,0.002451084, J
228706305,31.80697035,2781.142929,10,1,9.395108631,-0.5,0.39146286, J
228707509,15.35109785,2752.50779,10,1,4.586323755,0.5,0.191096823, C
228708868,30.32646958,2758.107137,10,1,3.497345309,0.5,0.145722721, J
228709764,0.760459781,2750.047528,10,1,1.466202037,0.5,0.061091752, E
228711005,15.68913801,2753.036711,10,1,2.38381059,-0.5,0.099325441, J
228713025,25.66896423,2764.469102,10,1,2.72174873,0.5,0.113406197, J
228713759,10.53258681,2759.941091,10,1,0.619089337,-0.5,0.025795389, J
228714789,19.33923309,2765.432993,10,1,2.178386782,-0.5,0.090766116, J
228715032,32.9939659,2777.096361,10,1,8.361144421,0.180699249,0.348381018, C
228715169,34.10556118,2750.620845,10,1,1.606928479,-0.5,0.066955353, J
228715649,24.75815917,2769.512669,10,1,1.213480718,0.5,0.050561697, J
228715755,28.66010197,2761.565798,10,1,1.414505133,0.5,0.058937714, J
228716175,8.5124103,2753.034083,10,1,1.262512944,-0.5,0.052604706, J
228718523,15.70056238,2762.909708,10,1,1.580862969,-0.5,0.06586929, J
228719081,34.26233076,2750.45532,10,1,2.367338959,-0.5,0.098639123, J
228719349,0.101653167,2749.620881,10,1,0.314708789,-0.5,0.013112866, J
228719647,15.68738902,2753.052857,10,1,2.670991806,0.013820246,0.111291325, J
228719736,34.26240347,2750.474003,10,1,2.223368945,0.5,0.092640373, J
228719975,0.102212638,2749.687411,10,1,0.058874479,0.01,0.002453103, J
228720681,15.78147963,2753.418923,10,1,4.136729944,0.080727868,0.172363748, C
228721452,4.565067441,2749.96587,10,1,2.725224105,-0.290362326,0.113551004, C
228721593,0.735916055,2750.118487,10,1,0.266273066,-0.5,0.011094711, J
228721971,34.23335263,2750.618483,10,1,1.239816608,-0.5,0.051659025, J
228722026,3.345033218,2751.432745,10,1,2.507972033,0.5,0.104498835, E
228722092,28.71178721,2761.51398,10,1,1.504263855,0.5,0.062677661, J
228722285,23.50974335,2762.933635,10,1,1.878127994,0.5,0.078255333, J
228722474,34.26232642,2750.473176,10,1,2.491324538,0.5,0.103805189, J
228722934,4.438675704,2753.540529,10,1,3.973328913,0.5,0.165555371, E
228723696,31.66306455,2756.725737,10,1,3.104203236,0.5,0.129341801, J
228724232,5.721109694,2751.332461,10,1,2.904224836,-0.031491495,0.121009368, C
228724267,28.7118852,2761.517063,10,1,1.456591957,0.5,0.060691332, J
228724586,34.25801969,2750.479347,10,1,1.991649946,0.5,0.082985414, J
228724899,5.202762274,2753.453386,10,1,1.112245098,-0.5,0.046343546, C
228725002,30.53971217,2757.921887,10,1,3.918159162,0.5,0.163256632, J
228725406,34.25998718,2750.475982,10,1,1.648149525,-0.124021936,0.068672897, J
228725455,0.787170015,2749.65783,10,1,2.788937804,0.5,0.116205742, E
228725791,2.250774518,2749.967284,10,1,1.680547064,-0.189741101,0.070022794, C
228725972,10.09610708,2755.408078,10,1,3.512504706,0.088193393,0.146354363, C
228726436,15.70068876,2762.912535,10,1,1.519017844,-0.5,0.06329241, J
228726707,8.955835089,2755.30208,10,1,1.023466149,-0.5,0.042644423, J
228727483,15.07650055,2762.76271,10,1,7.777289365,0.5,0.324053724, E
228727615,10.73164802,2756.415175,10,1,9.255472326,-0.084392443,0.38564468, J
228728004,5.970607334,2753.015662,10,1,4.460077642,0.378637251,0.185836568, J
228728756,0.17162472,2749.735964,10,1,0.098855839,0.01,0.004118993, J
228729265,34.10113801,2750.621442,10,1,1.51510347,-0.5,0.063129311, J
228729473,16.76843522,2752.775073,10,1,15.85136412,0.5,0.660473505, C
228729500,28.43270068,2777.082707,10,1,2.83564897,-0.5,0.11815204, J
228729596,25.27358043,2759.458236,10,1,1.929513498,-0.5,0.080396396, J
228729886,6.484376162,2755.067183,10,1,6.169037461,0.5,0.257043228,E
228729956,21.46308026,2768.74346,10,1,1.682247087,-0.5,0.070093629, J
228729996,0.142999306,2749.735253,10,1,0.0823676,0.01,0.003431983, J
228730045,0.102254748,2749.675486,10,1,0.058898735,0.01,0.002454114, J
228730089,16.71660797,2763.879211,10,1,3.901899897,0.5,0.162579162, E
228730115,33.5541463,2770.47173,10,1,16.20937438,-0.5,0.675390599, J
228730169,21.56749145,2766.802511,10,1,0.492475403,0.5,0.020519808, J
228730541,9.808819976,2753.062219,10,1,1.330757749,-0.291200744,0.05544824, J
228730632,26.49059554,2756.966033,10,1,2.195225527,-0.5,0.09146773, J
228731022,15.70062282,2762.912718,10,1,1.311476979,-0.487257666,0.054644874, C
228731165,15.70069273,2762.90995,10,1,1.611931823,-0.5,0.067163826, J
228731258,15.77097663,2763.414155,10,1,2.992962064,0.5,0.124706753, C
228731606,27.45938106,2757.27412,10,1,1.438938647,0.499382754,0.059955777, J
228731756,30.12420463,2770.739632,10,1,2.110038163,-0.5,0.087918257, J
228732031,0.369330712,2749.933913,10,1,0.897478853,-0.5,0.037394952, C
228732306,18.68437993,2767.200865,10,1,0.425610942,0.5,0.017733789, J
228732919,15.92202636,2760.787628,10,1,3.281270604,-0.5,0.136719608, C
228733251,0.328771903,2749.642643,10,1,1.759835248,0.5,0.073326469, E
228734035,23.88977435,2770.944724,10,1,1.725597417,0.077357113,0.071899892, J
228734741,34.10033155,2750.625142,10,1,1.537966652,0.21322346,0.064081944, J
228734889,16.07796759,2751.832664,10,1,5.643074118,-0.113065718,0.235128088,E
228734900,15.8831734,2754.346873,10,1,6.018828531,0.5,0.250784522, C
228735115,23.45109861,2750.529995,10,1,4.628867282,-0.5,0.19286947, J
228735255,6.569216551,2755.285008,10,1,3.654752626,0.051296425,0.152281359, C
228735723,17.06787714,2750.604766,10,1,1.838228777,0.5,0.076592866, J
228736007,28.71197883,2761.514096,10,1,1.484961205,0.5,0.061873384, J
228736155,3.271655456,2751.020724,10,1,2.312057667,-0.368007265,0.096335736, C
228736573,22.01535416,2753.625998,10,1,0.804261511,0.5,0.033510896, J
228736722,19.46217408,2764.829661,10,1,1.535105954,-0.5,0.063962748, J
228736933,19.46199722,2764.832048,10,1,1.457090655,-0.5,0.060712111, J
228737155,26.02378604,2758.093361,10,1,10.4378154,0.5,0.434908975,R
228737579,0.102198608,2749.703866,10,1,0.058866398,0.01,0.002452767, J
228737686,11.76626125,2750.605479,10,1,1.885590954,-0.5,0.07856629, J
228737888,1.857579385,2750.342726,10,1,4.211040957,0.5,0.17546004, E
228737892,1.857646365,2750.342544,10,1,3.616802198,0.5,0.150700092,E
228738634,25.73948891,2762.970504,10,1,16.1341954,0.5,0.672258142, J
228739306,7.172944194,2755.107905,10,1,3.059856654,0.5,0.127494027, C
228739316,7.795843895,2751.264311,10,1,7.521654928,-0.5,0.313402289, J
228739961,0.102128491,2749.695479,10,1,0.058826011,0.01,0.002451084, J
228740273,24.05205969,2761.841031,10,1,1.591179104,0.5,0.066299129, J
228740289,6.76291216,2752.263612,10,1,1.315523443,-0.5,0.054813477, C
228740507,34.0999829,2750.635628,10,1,1.296219861,-0.246349644,0.054009161, J
228741051,0.815356796,2749.937157,10,1,5.132490789,0.337302478,0.213853783, J
228741710,1.197674026,2749.972713,10,1,2.114279177,-0.5,0.088094966, C
228742099,0.935539138,2749.638653,10,1,2.296215309,0.5,0.095675638, E
228742659,0.122610103,2749.688959,10,1,0.468049494,0.305859483,0.019502062, J
228743016,9.389592804,2756.782351,10,1,3.492627743,-0.349524384,0.145526156, J
228743532,0.122502945,2749.705268,10,1,0.070561697,0.01,0.002940071, J
228743620,33.30259137,2756.815615,10,1,2.652827775,-0.5,0.110534491, J
228743985,28.78931167,2761.39349,10,1,1.720840545,-0.352421948,0.071701689, J
228744250,20.52870651,2767.926795,10,1,1.628535753,-0.5,0.067855656, J
228744981,13.85263342,2756.591897,10,1,1.354958126,-0.5,0.056456589, J
228745398,12.99238339,2750.7579,10,1,2.697702987,0.5,0.112404291, E
228745776,0.102128498,2749.675059,10,1,0.058826015,0.01,0.002451084, J
228746125,4.107953921,2751.584351,10,1,0.539531467,-0.5,0.022480478, J
228746527,5.193118475,2753.733487,10,1,19.97203628,-0.5,0.832168178, E
228747035,9.160889051,2753.570176,10,1,1.713885805,-0.5,0.071411909, J
228747074,33.11430787,2770.527871,10,1,10.54687437,-0.5,0.439453099, J
228747438,28.71191744,2761.515007,10,1,1.276994436,0.5,0.053208101, J
228748531,19.83501292,2760.444329,10,1,1.806881591,-0.5,0.075286733, J
228748826,4.01455216,2751.121569,10,1,2.587870025,0.5,0.107827918, C
228749910,21.49192909,2755.411402,10,1,6.313713523,0.395128933,0.263071397, E
228750400,23.16274838,2772.574911,10,1,2.499824125,0.5,0.104159339, J
228750403,0.129050858,2749.734846,10,1,0.25,-0.499963334,0.010416667, J
228750813,24.5024608,2769.740319,10,1,2.538516227,-0.5,0.105771509, J
228752018,28.71193466,2761.51798,10,1,1.940118627,0.5,0.080838276, J
228752225,27.28953793,2758.599281,10,1,1.403345745,-0.5,0.058472739, J
228752632,4.786757944,2753.729388,10,1,6.089194782,0.5,0.253716449, E
228753028,29.93226726,2759.396989,10,1,27.29916975,-0.5,1.137465406, J
228753298,1.290341124,2749.864889,10,1,2.18611439,0.5,0.0910881, E
228753460,18.55373659,2762.967945,10,1,3.773082966,-0.5,0.15721179, J
228753672,17.6756832,2754.517117,10,1,5.236657989,0.5,0.218194083, E
228753871,18.69885769,2757.724278,10,1,2.105813805,-0.193004191,0.087742242, C
228754001,9.172365004,2757.172973,10,1,7.349670095,-0.27431896,0.306236254, C
228754325,28.71199598,2761.515751,10,1,1.390952924,0.49844243,0.057956372, J
228755377,0.116708336,2749.610971,10,1,0.25,0.5,0.010416667, J
228755416,0.64433589,2749.922993,10,1,1.584525234,0.5,0.066021885, E
228756407,24.11262432,2761.751195,10,1,1.267418868,-0.5,0.052809119, J
228756475,31.5676685,2778.373459,10,1,1.061717356,0.5,0.044238223, J
228756573,33.30101584,2776.757262,10,1,7.340060686,0.5,0.305835862, J
228758533,23.86918107,2771.658409,10,1,1.834990407,0.5,0.076457934, J
228758713,33.45827472,2770.692535,10,1,4.334210601,-0.5,0.180592108, J
228758778,18.59725235,2756.087769,10,1,3.10299748,-0.484918753,0.129291562, C
228758852,33.42743952,2756.748685,10,1,1.383599252,-0.5,0.057649969, J
228758948,12.20188149,2753.829048,10,1,4.021771208,0.069467606,0.1675738, C
228759038,17.0419142,2753.057217,10,1,1.124557621,-0.5,0.046856568, J
228759780,22.53067778,2766.591383,10,1,0.660291179,0.5,0.027512132, J
228759859,27.45824309,2776.726943,10,1,9.554694847,0.5,0.398112285, J
228760097,13.62088814,2759.240249,10,1,3.300382757,-0.5,0.137515948, C
228761621,15.65444202,2753.15432,10,1,3.445341719,0.025821571,0.143555905, J
228763305,24.55015446,2769.667391,10,1,3.34735311,-0.5,0.139473046, J
228763336,31.57179986,2756.852568,10,1,2.107608004,0.245567145,0.087817, J
228764876,25.73652043,2770.506941,10,1,13.04571334,0.5,0.543571389, J
228765029,0.12207492,2749.709292,10,1,0.25,0.5,0.010416667, E
228765921,4.320539384,2753.606674,10,1,10.11334373,0.5,0.421389322, E
228768373,29.6613365,2774.136107,10,1,1.82260133,0.5,0.075941722, J
228768862,0.102128498,2749.634387,10,1,0.058826015,0.01,0.002451084, J
228770293,0.145239528,2749.634002,10,1,0.25,0.5,0.010416667, J
228770476,9.7901273,2755.009665,10,1,3.101836228,-0.332992837,0.129243176, J
228770739,19.17348911,2765.75545,10,1,2.197172131,-0.5,0.091548839, J
228770859,15.68920932,2753.07727,10,1,1.356042688,0.11099936,0.056501779, J
228772532,2.101854763,2749.709319,10,1,2.469963931,0.5,0.102915164,E
228773968,23.70918688,2762.728057,10,1,1.254168299,-0.5,0.052257012, J
228775771,7.8547522,2756.994651,10,1,1.447508679,-0.5,0.060312862, J
228775782,0.102142505,2749.704245,10,1,0.058834083,0.01,0.00245142, J
228776165,34.26386654,2750.468788,10,1,1.382778152,0.5,0.057615756, J
228777070,19.21856016,2765.660034,10,1,1.659417516,-0.5,0.069142396, J
228777175,17.13419556,2750.471593,10,1,1.588412989,0.5,0.066183875, J
228777292,21.25508586,2750.544329,10,1,5.8814743,-0.5,0.245061429, J
228777296,0.456707341,2749.740663,10,1,1.191677349,-0.030627508,0.049653223, E
228777460,0.163411751,2749.717104,10,1,0.094125169,0.01,0.003921882, J
228778282,24.48634224,2769.74041,10,1,0.616944447,0.5,0.025706019, J
228778710,26.04642187,2757.897272,10,1,0.970750351,0.46589039,0.040447931, J
228779049,19.49426673,2750.533377,10,1,4.442016706,-0.5,0.185084029, J
228780650,24.48491195,2769.761715,10,1,2.169720582,-0.5,0.090405024, J
228781023,24.49585874,2769.749187,10,1,2.256826913,-0.5,0.094034455, J
228782292,34.29531823,2750.524786,10,1,4.934236821,-0.5,0.205593201, J
228782584,6.083175064,2751.157061,10,1,15.6583248,-0.5,0.6524302, E
228783721,0.784324788,2750.097718,10,1,4.905728134,-0.5,0.204405339, J
228784019,10.3640567,2755.284916,10,1,1.99087084,0.411935762,0.082952952, E
228784080,5.487322762,2752.523495,10,1,3.165726211,0.320014486,0.131905259, J
228784099,10.98301207,2752.505979,10,1,3.723193081,0.5,0.155133045, E
228785395,26.05060281,2771.623649,10,1,2.11050971,-0.5,0.087937905, J
228785809,12.15159284,2757.880717,10,1,3.132065573,-0.5,0.130502732, J
228786343,22.45975192,2769.836506,10,1,1.980948602,-0.5,0.082539525, J
228786893,32.28526013,2776.794338,10,1,16.92299646,0.452064534,0.705124853, J
228787135,17.4735741,2766.935042,10,1,1.578092056,-0.5,0.065753836, J
228787467,19.94592846,2765.923743,10,1,1.287302158,-0.064682418,0.05363759, J
228788319,29.87825289,2759.129956,10,1,6.763136182,0.322319545,0.281797341, J
228788452,14.70655316,2759.699553,10,1,0.426453211,0.286572868,0.017768884, J
228789760,4.089326718,2751.829042,10,1,9.293498511,0.5,0.387229105, E
228793441,7.928549177,2753.016659,10,1,1.171839796,-0.097551441,0.048826658, J
228794807,30.31773578,2758.122771,10,1,2.97818473,0.5,0.12409103, J
228795330,30.40055913,2758.067246,10,1,3.203834946,0.5,0.133493123, J
228795737,0.142999336,2749.643575,10,1,0.082367618,0.01,0.003431984, J
228796240,7.559386146,2754.275105,10,1,3.590662391,0.5,0.149610933, C
228797006,0.800604366,2749.965515,10,1,1.73024691,0.5,0.072093621, E
228798664,24.05227367,2761.84241,10,1,1.768469446,0.5,0.073686227, J
228798680,34.10231654,2750.617599,10,1,2.332893613,0.5,0.097203901, J
228798746,2.697904587,2750.199325,10,1,1.463063344,0.367659376,0.060960973, C
228798896,5.449058531,2753.0409,10,1,7.363603097,-0.5,0.306816796, J
228800368,31.57125982,2756.872084,10,1,4.438483598,-0.5,0.184936817, J
228801451,0.584234151,2749.885281,10,1,1.265197713,0.340370911,0.052716571, C
228801951,7.847888182,2756.932323,10,1,7.482654732,-0.5,0.311777281, J
228804845,2.860697889,2752.446039,10,1,2.53048994,-0.5,0.105437081, C
228807014,2.73023645,2751.944552,10,1,10.95931202,-0.205917206,0.456638001, J
228807036,0.102212645,2749.673035,10,1,0.058874484,0.01,0.002453103, J
228808967,0.624428796,2749.904391,10,1,1.434673719,0.5,0.059778072, E
228809058,0.429139342,2749.631012,10,1,2.390337571,0.320559098,0.099597399, J
228809391,19.57152813,2763.809227,10,1,2.790175405,0.341174126,0.116257309, C
228809550,4.001591224,2750.999998,10,1,2.417142865,0.5,0.100714286, C
228810001,25.33928377,2768.368208,10,1,11.74717243,0.386736654,0.489465518, J
228810017,25.33831638,2768.659005,10,1,25.75946072,-0.5,1.073310863, J
228810267,23.74918628,2760.993315,10,1,0.347167064,0.5,0.014465294, J
228810481,0.246489917,2749.830223,10,1,1.211545067,-0.5,0.050481044, J
228811074,0.102128498,2749.675213,10,1,0.058826015,0.01,0.002451084, J
228811968,0.334497043,2749.8189,10,1,1.147497829,0.5,0.04781241, E
228812230,28.71225332,2761.513744,10,1,1.55758831,0.5,0.064899513, J
228812805,5.938367341,2751.418045,10,1,3.520418782,0.5,0.146684116, J
228813918,0.179710835,2749.665239,10,1,0.428670486,0.113627918,0.01786127, C
228814754,0.844618211,2750.05249,10,1,0.690849859,0.5,0.028785411, C
228814889,0.10505667,2749.623146,10,1,0.252095208,0.491245016,0.010503967, J
228814932,0.105056662,2749.623333,10,1,0.25,0.5,0.010416667, J
228815623,19.75689886,2750.713336,10,1,1.335653725,0.487691154,0.055652239, J
228820419,32.34548198,2770.592172,10,1,10.62459494,0.067250443,0.442691456, J
228820632,18.46778839,2765.989003,10,1,11.08594959,-0.5,0.461914566, J
228820979,0.998319797,2750.198845,10,1,4.124239814,0.332591164,0.171843326, E
228821804,26.93200852,2770.742044,10,1,2.233624618,-0.5,0.093067692, J
228822317,0.979845721,2750.575448,10,1,1.761915265,0.5,0.073413136, E
228823923,0.113421849,2749.618283,10,1,0.25,0.5,0.010416667, J
228827016,25.9834289,2772.954058,10,1,0.70625759,0.5,0.0294274, J
228828859,17.92031235,2764.277704,10,1,1.503637394,-0.5,0.062651558, J
228829790,9.765779408,2757.584154,10,1,17.69693406,-0.5,0.737372253, J
228831677,25.5228864,2774.479852,10,1,8.541005671,-0.5,0.355875236, J
228831718,25.78146829,2760.091475,10,1,1.46779612,0.5,0.061158172, J
228831845,4.148770057,2750.357693,10,1,14.55024853,0.205748494,0.606260355, J
228832555,1.935619085,2750.718092,10,1,11.67724758,0.339769478,0.486551983, J
228833011,29.74257977,2774.902598,10,1,18.07088638,-0.5,0.752953599, J
228834632,11.73489148,2758.614148,10,1,2.448702401,0.023890387,0.102029267, C
228835662,2.331473301,2750.028861,10,1,3.533139347,0.035508283,0.147214139, E
228835998,34.49242478,2769.643628,10,1,2.50376027,-0.369596834,0.104323345, J
228836835,0.728168568,2750.25852,10,1,0.797682924,-0.5,0.033236788, C
228837117,25.60327277,2758.706722,10,1,1.503318278,-0.5,0.062638262, J
228837389,19.33956975,2765.413668,10,1,1.426591835,-0.5,0.059441326, J
228838792,0.12255656,2749.634344,10,1,0.070592578,0.01,0.002941357, J
228838934,0.196765341,2749.683864,10,1,0.799966458,-0.5,0.033331936, J
228840683,0.683890712,2750.063517,10,1,3.428367105,0.5,0.142848629, E
228840862,0.122628085,2749.707956,10,1,0.070633777,0.01,0.002943074, J
228842843,1.960730031,2751.149809,10,1,0.403503026,0.5,0.016812626, J
228845657,6.31028136,2751.730559,10,1,1.277220027,0.341542384,0.053217501, E
228846243,25.52164923,2756.986744,10,1,10.00753661,0.169519372,0.416980692, C
228846850,1.96361001,2751.263223,10,1,3.291226678,-0.368971657,0.137134445, J
228847326,18.08647485,2767.497473,10,1,9.256777978,-0.5,0.385699082, J
228847351,18.08640356,2767.497556,10,1,9.257271458,-0.5,0.385719644, J
228849382,12.11893041,2757.615889,10,1,2.173796041,-0.5,0.090574835, C
228850202,34.197878,2770.323299,10,1,22.38525725,-0.5,0.932719052, J
228850794,0.102128498,2749.675336,10,1,0.058826015,0.01,0.002451084, J
228850832,33.08261396,2770.500152,10,1,10.6395964,-0.5,0.443316516, J
228851544,21.6093657,2755.49771,10,1,16.210512,0.5,0.675438, J
228852103,16.64894649,2759.984326,10,1,1.219435129,-0.5,0.050809797, J
228852721,33.3015626,2770.551266,10,1,11.70038662,-0.5,0.487516109, J
228853545,26.93193026,2770.742316,10,1,2.067572056,-0.5,0.086148836, J
228854714,5.634701085,2753.09196,10,1,1.174472536,-0.5,0.048936356, J
228855258,21.58663181,2766.940854,10,1,7.175213024,-0.5,0.298967209, J
228856024,7.296302557,2755.423577,10,1,1.435180831,0.388447004,0.059799201, E
228856385,0.122645974,2749.636688,10,1,0.070644081,0.01,0.002943503, J
228856435,1.326316134,2750.190208,10,1,1.808098418,0.5,0.075337434, J
228857258,32.64979181,2781.433152,10,1,4.213137994,0.041568761,0.175547416, J
228859495,1.961448147,2751.293436,10,1,3.166559452,-0.5,0.131939977, J
228859499,0.209775187,2749.667679,10,1,1.304906647,0.5,0.05437111, E
228860224,17.5806441,2766.567228,10,1,7.998074965,-0.5,0.333253124, J
228861354,1.476060601,2749.8467,10,1,5.619007506,0.5,0.234125313, E
228861542,24.67418965,2759.693829,10,1,0.733461281,0.5,0.030560887, J
228863362,20.74510115,2769.433925,10,1,1.929208617,-0.126490811,0.080383692, J
228864540,14.27116865,2757.295015,10,1,2.003573023,0.124709457,0.083482209, J
228864595,0.627960779,2749.683949,10,1,1.737765933,0.5,0.072406914, E
228865343,15.2888022,2750.065968,10,1,8.026656793,0.5,0.334444033, E
228866506,0.245043203,2749.637982,10,1,0.141144885,0.01,0.005881037, J
228867550,0.102142513,2749.642447,10,1,0.058834087,0.01,0.00245142, J
228867584,0.102198616,2749.687432,10,1,0.058866403,0.01,0.002452767, J
228867667,24.97153029,2770.704771,10,1,3.162748506,-0.5,0.131781188, J
228871352,0.142999336,2749.643737,10,1,0.082367618,0.01,0.003431984, J
228877886,0.778659961,2749.84502,10,1,1.311269867,-0.5,0.054636244, J
228879941,21.91063923,2758.282052,10,1,1.947098167,0.5,0.08112909, J
228882619,30.94203013,2775.771835,10,1,8.982681751,-0.5,0.374278406, J
228882669,17.63173384,2766.824394,10,1,0.796591812,0.5,0.033191325, J
228885709,24.80102098,2770.716685,10,1,1.563786484,0.5,0.06515777, J
228886750,2.454151444,2751.601351,10,1,1.431714683,-0.5,0.059654778, C
228888935,5.69020346,2751.671512,10,1,4.187311181,-0.250504029,0.174471299, C
228891072,22.23441028,2769.274166,10,1,5.355113092,-0.5,0.223129712, J
228891859,0.345491302,2749.763826,10,1,2.060146265,0.5,0.085839428, J
228893241,30.32716084,2758.114765,10,1,3.56935298,0.5,0.148723041, J
228894622,1.964257341,2750.29938,10,1,1.553042254,0.051917392,0.064710094, C
228895211,31.84046048,2770.554889,10,1,13.28538276,-0.5,0.553557615, J
228897260,19.34493526,2765.480801,10,1,6.561112905,0.263412283,0.273379704, J
228898114,0.150285408,2749.631882,10,1,0.540328035,-0.019552588,0.022513668, J
228908193,23.82959007,2770.517663,10,1,5.323818632,-0.5,0.221825776, J
228908663,31.29837509,2770.497038,10,1,14.31752167,-0.5,0.596563403, J
228915321,27.45972011,2776.721668,10,1,7.021383318,-0.5,0.292557638, J
228920214,0.999749482,2749.947685,10,1,4.84350472,0.5,0.201812697, E
228920801,1.193581015,2750.749056,10,1,1.776546662,-0.155059975,0.074022778, C
228922952,0.182965321,2749.745555,10,1,0.627063871,0.5,0.026127661, J
228924103,0.102114484,2749.615817,10,1,0.058817943,0.01,0.002450748, J
228926256,31.36799388,2770.694778,10,1,3.854857934,-0.5,0.160619081, J
228931741,14.35028879,2757.262097,10,1,6.173051869,0.5,0.257210495, J
228934525,3.676046895,2752.058573,10,1,2.370694378,0.205597319,0.098778932, C
228937368,23.53025544,2766.626052,10,1,1.128212787,-0.5,0.047008866, J
228947351,0.121543311,2749.632057,10,1,0.25,0.5,0.010416667, J
228952623,3.139241864,2750.72463,10,1,2.552844701,-0.5,0.106368529, E
228952747,1.055492997,2750.106867,10,1,0.607963966,0.01,0.025331832, C
228953281,5.146505465,2754.047509,10,1,3.612203285,0.5,0.15050847, C
228953911,24.76117671,2766.286936,10,1,3.598485355,0.5,0.14993689, J
228954821,2.883964932,2751.420402,10,1,1.904203,0.5,0.079341792, E
228956836,19.60112197,2760.8987,10,1,2.443871565,0.054100781,0.101827982, J
228957411,23.17003383,2771.814941,10,1,4.360322282,-0.5,0.181680095, J
228957939,21.58657206,2766.830877,10,1,1.884665918,-0.257324627,0.078527747, J
228960573,28.02171689,2762.11221,10,1,3.189830133,0.5,0.132909589, J
228960886,23.76928848,2770.580256,10,1,3.417059464,-0.5,0.142377478, J
228961884,0.696126045,2750.115001,10,1,0.813553137,-0.5,0.033898047, E
228964078,23.82795112,2770.516775,10,1,7.889484651,0.5,0.328728527, J
228967671,5.518602409,2753.515935,10,1,5.732610178,-0.5,0.238858757, E
228967826,23.76946977,2770.578836,10,1,3.181915633,-0.5,0.132579818, J
228968125,33.42750879,2770.510053,10,1,5.753729171,0.5,0.239738715, J
228968947,1.648066211,2750.707841,10,1,1.628445413,0.499438041,0.067851892, E
228969378,11.00171188,2749.796503,10,1,1.82154527,0.5,0.07589772, C
228970871,32.52806173,2770.403897,10,1,12.22875514,-0.5,0.509531464, J
228972339,0.326853096,2749.830024,10,1,0.188267384,0.01,0.007844474, J
228973023,3.25604018,2751.035833,10,1,0.589200679,-0.5,0.024550028, J
228974016,9.789611748,2751.067025,10,1,8.540149447,-0.5,0.35583956, J
228974324,1.605782346,2750.292349,10,1,1.240138207,-0.139456753,0.051672425, C
228974443,34.32906508,2775.621056,10,1,1.477845252,-0.5,0.061576886, J
228977940,33.39620718,2756.747372,10,1,1.189028327,-0.5,0.049542847, J
228977953,33.396178,2756.747264,10,1,1.196079315,-0.5,0.049836638, J
228978957,0.444068378,2749.673339,10,1,1.597441634,0.374924707,0.066560068, J
228980099,5.613052789,2750.131732,10,1,3.049551124,-0.5,0.12706463, E
228980940,23.77670215,2770.599118,10,1,5.809982629,0.5,0.24208261, J
228984691,0.231558174,2749.641172,10,1,0.133377508,0.01,0.005557396, J
228984924,23.76935807,2770.589423,10,1,3.756488293,-0.5,0.156520346, J
228988863,31.10788923,2753.634629,10,1,0.637881962,0.5,0.026578415, J
228991609,4.561743702,2752.067042,10,1,6.732887397,0.5,0.280536975, E
228994281,18.68487985,2767.192215,10,1,1.780066314,-0.5,0.07416943, J
228996166,0.992190423,2749.956454,10,1,4.085196787,-0.152173021,0.170216533, J
228997368,28.71228349,2761.512146,10,1,1.550615125,0.5,0.064608964, J
228998397,13.19616715,2752.249064,10,1,13.63162954,0.5,0.567984564, J
228998584,4.753449808,2751.604113,10,1,4.672546622,-0.056823384,0.194689443, J
229000012,23.83216665,2770.493932,10,1,5.503366427,0.5,0.229306934, J
229000250,14.22019719,2761.509403,10,1,4.858116301,-0.30146382,0.202421513, J
229002189,28.17698574,2762.07621,10,1,8.220692904,0.41583225,0.342528871, J
229002550,10.66320327,2756.345609,10,1,1.817951668,-0.5,0.075747986, C
229003054,23.858773,2770.420559,10,1,4.214842785,0.5,0.175618449, J
229004835,16.13570613,2764.633324,10,1,2.067176457,-0.5,0.086132352, C
229005060,23.82932534,2770.488552,10,1,5.734954884,0.5,0.238956454, J
229006126,23.82504956,2770.484219,10,1,3.808436505,-0.5,0.158684854, J
229007685,14.0158975,2756.098563,10,1,5.907715013,-0.5,0.246154792, C
229007709,0.122574434,2749.64167,10,1,0.070602874,0.01,0.002941786, J
229008893,19.81984755,2750.527758,10,1,2.494800466,-0.239135153,0.103950019, J
229010862,0.142999336,2749.643887,10,1,0.082367618,0.01,0.003431984, J
229012360,18.65551429,2751.165816,10,1,1.375496671,0.5,0.057312361, J
229015345,23.82645435,2770.504561,10,1,6.406091919,0.5,0.266920497, J
229015624,23.76943637,2770.591896,10,1,4.1702861,0.401722861,0.173761921, J
229016303,19.4621424,2760.951997,10,1,9.641589051,-0.5,0.401732877, J
229016384,23.81980762,2770.515234,10,1,5.311933869,0.5,0.221330578, J
229016773,9.870709104,2750.691325,10,1,1.151191521,-0.5,0.047966313, J
229019101,18.07691087,2761.692406,10,1,8.153422762,-0.180700964,0.339725948, E
229019129,18.0992999,2761.651927,10,1,8.514981688,0.5,0.354790904, E
229021476,0.231558174,2749.641142,10,1,0.133377508,0.01,0.005557396, J
229021605,18.12149031,2767.520109,10,1,11.10811702,-0.5,0.462838209,R
229021667,0.236731082,2749.639216,10,1,1.453056294,0.056910363,0.060544012, E
229022237,0.102534272,2749.644962,10,1,0.059059741,0.01,0.002460823, C
229024057,3.15134929,2752.581921,10,1,3.360930807,0.5,0.140038784,E
229025712,33.65005334,2753.612298,10,1,2.452243564,-0.5,0.102176815, J
229026314,18.22690695,2767.612872,10,1,1.038766781,-0.5,0.043281949, J
229027351,34.4268896,2780.165833,10,1,2.043492938,-0.5,0.085145539, J
229027898,31.36783587,2770.575296,10,1,9.078946615,-0.5,0.378289442, J
229029548,3.828627101,2750.848816,10,1,4.94043479,0.5,0.20585145, E
229030401,24.21618086,2765.335003,10,1,6.413945393,-0.5,0.267247725, J
229030677,32.25517592,2753.629316,10,1,1.914622135,-0.5,0.079775922, J
229031122,23.83036958,2770.494457,10,1,6.764623718,0.5,0.281859322, J
229031261,16.94122784,2753.039017,10,1,0.62665789,-0.5,0.026110745, J
229032452,23.82963837,2770.524871,10,1,5.922221453,0.30415338,0.246759227, J
229033644,0.738136263,2750.155809,10,1,2.087571434,0.5,0.086982143, E
229033837,21.07028577,2767.084218,10,1,7.750855425,0.280059231,0.322952309, E
229037069,29.44715099,2770.693664,10,1,1.51280618,0.49916287,0.063033591, J
229039156,0.142999336,2749.64387,10,1,0.082367618,0.01,0.003431984, J
229039390,0.251643107,2749.621779,10,1,1.093781935,0.5,0.045574247, C
229039773,17.15912695,2751.540461,10,1,3.058258568,0.5,0.12742744, C
229040137,17.68825071,2766.741784,10,1,0.585633066,0.371146487,0.024401378, J
229041625,0.142999336,2749.643869,10,1,0.082367618,0.01,0.003431984, J
229041736,0.326853126,2749.666522,10,1,0.188267401,0.01,0.007844475, J
229042714,23.76939186,2770.61227,10,1,5.037845968,-0.5,0.209910249, J
229042812,0.102198616,2749.706021,10,1,0.058866403,0.01,0.002452767, J
229047396,0.244998187,2749.681751,10,1,0.141118956,0.01,0.005879956, J
229050982,23.78096518,2770.591338,10,1,5.225734166,0.327796343,0.217738924, J
229052849,1.31276659,2750.57712,10,1,5.394157096,-0.022906287,0.224756546, J
229055476,20.54851425,2769.772636,10,1,5.542323266,0.5,0.230930136, E
229058175,22.26651916,2750.075318,10,1,3.347750923,-0.5,0.139489622, E
229063019,18.22671599,2767.61327,10,1,1.21440851,-0.5,0.050600355, J
229063385,0.102114484,2749.658669,10,1,0.058817943,0.01,0.002450748, J
229066038,1.455965249,2750.153671,10,1,6.311971335,-0.333300354,0.262998806, J
229066374,32.16452759,2754.719074,10,1,9.141870224,0.5,0.380911259, J
229068380,32.13476145,2753.057594,10,1,0.833098684,0.5,0.034712445, J
229068631,21.32415995,2757.438346,10,1,4.546017197,-0.5,0.189417383, J
229068743,23.04228544,2771.268172,10,1,1.207865824,-0.5,0.050327743, J
229073606,23.76936316,2770.611154,10,1,4.919568468,-0.392371899,0.20498202, J
229074452,23.82212497,2770.513027,10,1,7.390810543,0.5,0.307950439, J
229075695,0.150261427,2749.661446,10,1,0.25,0.5,0.010416667, J
229079078,28.6092519,2761.55623,10,1,1.754566625,-0.5,0.073106943, J
229081766,13.6881397,2759.00929,10,1,3.930813505,-0.5,0.163783896, J
229082399,0.710572342,2749.914964,10,1,4.458873927,-0.5,0.185786414, J
229082734,0.102114484,2749.638544,10,1,0.058817943,0.01,0.002450748, J
229085326,23.76933168,2770.598906,10,1,4.523264837,-0.335101708,0.188469368, J
229086591,14.67487455,2757.104486,10,1,1.75947994,-0.5,0.073311664, J
229087531,4.845274742,2753.300485,10,1,3.036482671,0.5,0.126520111,E
229088988,17.63437917,2766.821507,10,1,0.995468247,0.5,0.041477844, J
229090328,16.76935261,2758.044639,10,1,2.517560668,0.223986199,0.104898361, C
229091015,9.578751755,2756.548234,10,1,7.689447335,0.5,0.320393639, J
229091997,28.02682754,2762.114047,10,1,7.560096778,-0.5,0.315004032, J
229093254,24.71620467,2766.338105,10,1,2.317117119,-0.040886288,0.096546547, J
229093598,0.122520827,2749.700132,10,1,0.070571996,0.01,0.0029405, J
229094195,24.77990861,2760.393357,10,1,1.793709398,0.191576446,0.074737892, J
229094708,28.55803427,2761.678088,10,1,2.197803838,-0.5,0.09157516, J
229095758,0.245043203,2749.662158,10,1,0.141144885,0.01,0.005881037, J
229096205,0.122663878,2749.642591,10,1,0.141308787,0.01,0.005887866, J
229097497,23.76931426,2770.610792,10,1,4.976929355,-0.279764705,0.207372056, J
229097718,3.791210538,2750.072767,10,1,8.978184934,0.103147621,0.374091039, E
229098454,23.76926811,2770.617888,10,1,5.931207778,-0.303202909,0.247133657, J
229098727,23.82665065,2770.498797,10,1,4.962463859,0.229158474,0.206769327, J
229100211,25.5144298,2758.970827,10,1,2.510972149,0.092023361,0.10462384, J
229101268,23.77048396,2770.601698,10,1,5.523474999,-0.296525288,0.230144792, J
229101311,28.7122774,2761.513413,10,1,1.394746735,0.5,0.058114447, J
229101704,23.76927759,2770.580304,10,1,3.273729777,-0.5,0.136405407, J
229101738,23.76951687,2770.594459,10,1,5.187311405,0.5,0.216137975, J
229102136,0.639692983,2749.918123,10,1,4.067169993,-0.488846405,0.169465416, J
229102238,23.76953666,2770.584992,10,1,4.534280656,-0.5,0.188928361, J
229103251,11.66496589,2756.733357,10,1,2.001940613,-0.5,0.083414192, C
229104286,23.77383035,2770.60534,10,1,6.270025456,0.5,0.261251061, J
229105521,15.65481306,2753.151571,10,1,3.388854527,-0.5,0.141202272, J
229106121,0.223404811,2749.653402,10,1,0.553773613,-0.5,0.023073901, J
229106494,0.102058448,2749.628201,10,1,0.058785666,0.01,0.002449403, J
229107465,23.76938109,2770.581207,10,1,3.549521484,-0.5,0.147896728, J
229107522,23.99105469,2770.750997,10,1,1.698579052,-0.5,0.070774127, J
229107868,23.76934948,2770.591826,10,1,4.640198313,0.145837143,0.193341596, J
229109825,28.7122767,2761.515303,10,1,1.466053278,0.5,0.061085553, J
229111591,0.122717574,2749.612051,10,1,0.070685323,0.01,0.002945222, J
229112475,20.20367875,2761.805223,10,1,1.274087852,-0.201534038,0.053086994, C
229114467,23.76974396,2770.583538,10,1,3.512950991,-0.474187828,0.146372958, J
229114993,23.76936333,2770.612755,10,1,5.179019257,0.122643386,0.215792469, J
229115239,23.829366,2770.504806,10,1,6.821154693,0.5,0.284214779, J
229117076,13.62102421,2759.238684,10,1,3.342020176,0.411957504,0.139250841, J
229117528,30.01459873,2770.120163,10,1,2.471408624,-0.5,0.102975359, J
229119858,2.488841497,2750.689847,10,1,0.93220645,-0.5,0.038841935, C
229120114,0.506514168,2749.761421,10,1,1.775609459,0.5,0.073983727, E
229121071,23.8288393,2770.512858,10,1,6.356807255,0.221468353,0.264866969, J
229121623,15.68870061,2753.085649,10,1,0.698075172,0.5,0.029086466, J
229122266,23.78989588,2770.575703,10,1,5.5183865,0.112097512,0.229932771, J
229122814,23.77267597,2770.596023,10,1,5.552307596,-0.5,0.23134615, J
229123962,23.76948355,2770.589275,10,1,3.801972549,-0.5,0.158415523, J
229124708,33.55334502,2780.433463,10,1,4.398281694,-0.5,0.183261737,J
229124760,23.76960198,2770.585447,10,1,4.593610713,-0.5,0.191400446, J
229124890,23.82810384,2770.502884,10,1,6.808657041,0.5,0.283694043, J
229126255,23.80961426,2770.537697,10,1,6.193239134,0.5,0.258051631, J
229127856,23.82957316,2770.477592,10,1,5.315538331,0.353230571,0.221480764, C
229128113,23.82891029,2770.481754,10,1,5.860534815,0.5,0.244188951, J
229128135,32.55792626,2770.282337,10,1,3.829790825,-0.192447288,0.159574618, J
229128495,23.76942361,2770.616666,10,1,6.082286036,0.316870002,0.253428585, J
229128530,23.76925719,2770.580682,10,1,3.705359688,-0.5,0.154389987, J
229129000,24.69344681,2768.779526,10,1,5.59098018,0.5,0.232957508, J
229129121,0.206589866,2749.734321,10,1,0.25,0.5,0.010416667, J
229129599,17.67657547,2766.272856,10,1,0.455857126,-0.5,0.018994047, J
229129873,23.82964379,2770.515166,10,1,5.596294398,-0.5,0.233178933, J
229130720,14.28117977,2757.267443,10,1,2.880685754,-0.5,0.120028573, J
229130748,23.82781037,2770.490557,10,1,5.17546646,0.5,0.215644436, J
229131395,23.76958858,2770.607679,10,1,5.106571117,-0.5,0.212773797, J
229131562,18.09938966,2763.885754,10,1,6.628572071,0.5,0.276190503, J
229131722,15.48337892,2752.701271,10,1,4.158172268,0.5,0.173257178, C
229132948,1.709154503,2750.514699,10,1,8.994690811,0.5,0.374778784, J
229133720,4.03691532,2750.96293,10,1,2.393187845,0.326232904,0.09971616, C
229135998,23.80270438,2770.579184,10,1,7.555021567,0.5,0.314792565, J
229136261,13.04580621,2760.977894,10,1,1.703309283,-0.5,0.07097122, J
229136269,14.25202272,2757.340029,10,1,2.38620018,-0.5,0.099425008, J
229136362,32.90049989,2775.713326,10,1,4.409904111,-0.5,0.183746005, J
229137364,17.34121201,2765.430208,10,1,1.875511965,-0.5,0.078146332, J
229139412,18.03186724,2764.054439,10,1,5.488629838,0.5,0.22869291, J
229139685,26.20876819,2762.236772,10,1,2.492700457,0.5,0.103862519, J
229140078,28.58344969,2761.610128,10,1,2.318559654,-0.5,0.096606652, J
229141033,24.2777468,2767.279054,10,1,1.448535794,-0.5,0.060355658, J
229141428,23.82898678,2770.485895,10,1,4.048425661,0.5,0.168684403, J
229142411,23.76928025,2770.609143,10,1,4.95699536,0.076409347,0.206541473, J
229143073,23.81496588,2770.501093,10,1,4.864246137,0.5,0.202676922, J
229143170,13.62108666,2759.231086,10,1,2.805125307,-0.5,0.116880221, J
229143748,32.90260871,2753.636356,10,1,1.633542959,-0.5,0.06806429, J
229144567,23.76940294,2766.216696,10,1,5.678870991,-0.5,0.236619625, J
229145412,23.76935961,2770.579343,10,1,3.369321477,-0.5,0.140388395, J
229146252,23.76942175,2770.579099,10,1,3.500224449,-0.5,0.145842685, J
229146872,23.82536579,2770.538773,10,1,7.007882228,-0.5,0.291995093, J
229147848,19.33984861,2765.420227,10,1,3.238075167,0.5,0.134919799, J
229148614,23.77308352,2770.599913,10,1,5.03719922,0.279229122,0.209883301, J
229148679,23.77198011,2770.592835,10,1,4.420438988,-0.5,0.184184958, J
229149596,31.48416629,2750.763714,10,1,1.65110992,-0.5,0.068796247, J
229150499,23.82935351,2770.462068,10,1,3.546943315,-0.5,0.147789305, J
229151011,23.7716715,2770.584739,10,1,5.232511841,-0.5,0.218021327, J
229152271,1.103254871,2750.068185,10,1,2.191700697,0.5,0.091320862, J
229152548,4.746424192,2751.652251,10,1,4.123394383,-0.5,0.171808099, J
229153363,15.65470156,2753.154044,10,1,3.591580851,-0.5,0.149649202, J
229154682,23.82637289,2770.524053,10,1,5.50124872,0.128643278,0.229218697, J
229154813,25.70332179,2758.744821,10,1,2.125423475,0.5,0.088559311, J
229155425,23.82945822,2770.530346,10,1,6.221671184,0.5,0.259236299, J
229158131,6.784577357,2750.94621,10,1,8.01665867,0.27230454,0.334027445, E
229158852,33.46372786,2780.483453,10,1,7.875625663,-0.377999344,0.328151069, J
229159054,27.82811891,2758.090096,10,1,1.437307909,0.5,0.05988783, J
229159091,23.7693186,2770.628954,10,1,7.439985087,-0.5,0.309999379, J
229159424,23.77875448,2770.567169,10,1,5.088485181,0.180470724,0.212020216, J
229159954,23.6344245,2762.803699,10,1,2.66492902,0.5,0.111038709, J
229160267,27.23966028,2753.027497,10,1,1.327522459,-0.5,0.055313436, J
229161481,23.82954222,2760.851899,10,1,0.850335907,0.32338347,0.035430663, J
229163682,23.77717186,2770.563508,10,1,3.409847235,-0.5,0.142076968, J
229164199,4.753236645,2751.606823,10,1,4.645402637,-0.068312098,0.193558443, J
229165302,3.492386625,2752.255536,10,1,2.044476257,0.5,0.085186511, C
229165483,24.36048826,2769.915895,10,1,3.986372019,-0.5,0.166098834, J
229166208,23.76945665,2770.617341,10,1,6.82116231,0.232142895,0.284215096, J
229168400,18.18454355,2767.692277,10,1,1.665094018,-0.5,0.069378917, J
229172226,2.64366917,2750.784679,10,1,4.127893967,0.5,0.171995582, E
229172892,17.63433116,2766.812519,10,1,1.583035434,-0.5,0.06595981, J
229173647,33.33306921,2776.618784,10,1,2.182646315,-0.5,0.090943596, J
229173838,15.68934861,2753.035691,10,1,2.613141389,-0.5,0.108880891, J
229174287,0.102128498,2749.695218,10,1,0.058826015,0.01,0.002451084, J
229174876,30.09695447,2758.749429,10,1,9.284601827,-0.5,0.386858409, J
229177361,23.78929239,2770.56811,10,1,6.064364756,0.193855626,0.252681865, J
229178492,24.0106225,2761.909301,10,1,1.59046679,0.5,0.06626945, J
229181181,4.753447606,2751.604869,10,1,4.654689728,-0.025136768,0.193945405, J
229185124,17.96166048,2766.82279,10,1,3.364407806,-0.5,0.140183659, J
248368937,33.44660765,2756.687385,10,1,2.389277571,-0.5,0.099553232, J
248368963,0.100711882,2749.679523,10,1,0.25,0.5,0.010416667, J
248369009,14.58018079,2761.007823,10,1,1.809264676,-0.5,0.075386028, J
248369022,18.212403,2767.664668,10,1,1.767286914,-0.5,0.073636955, J
248369045,27.5574235,2762.674153,10,1,1.341438271,0.5,0.055893261, J
248369081,28.76325534,2761.381263,10,1,2.701031016,-0.5,0.112542959, J
248369113,0.269874536,2749.701273,10,1,0.77493616,-0.5,0.032289007,E
248369123,0.219238763,2749.772699,10,1,0.342275032,0.151838764,0.01426146, J
248369136,1.05884269,2750.558168,10,1,5.951903718,-0.5,0.247995988, J
248369171,0.676328765,2749.764112,10,1,4.3406537,-0.5,0.180860571, J
248369178,0.935562596,2750.021382,10,1,4.050546639,-0.5,0.168772777, J
248369194,17.59406556,2766.85967,10,1,1.280376574,0.5,0.053349024, J
248369215,4.508810701,2752.762804,10,1,0.591897719,-0.5,0.024662405, J
248369220,27.72912845,2763.149908,10,1,3.11183937,-0.5,0.129659974, J
248369226,21.58818315,2766.838503,10,1,1.847994674,-0.195763459,0.076999778, J
248369227,5.886077624,2753.202069,10,1,5.212332661,-0.5,0.217180528, J
248369254,23.77096678,2770.605422,10,1,5.20045015,-0.401075743,0.216685423, J
248369268,28.71210385,2761.512618,10,1,1.70161829,0.5,0.070900762, J
248369280,11.83727206,2760.731769,10,1,1.513682872,-0.5,0.06307012, J
248369281,22.83204116,2762.92227,10,1,4.264497857,-0.5,0.177687411, J
248369283,21.58818313,2766.8385,10,1,1.848382812,-0.194951589,0.077015951, J
248369333,31.39674428,2780.2422,10,1,1.606955436,-0.5,0.066956476, J
248369359,16.66941989,2764.340766,10,1,2.106874858,0.5,0.087786452, J
248369512,24.0803238,2761.779463,10,1,1.494646156,0.5,0.062276923, J
248369685,25.64748494,2758.629604,10,1,1.690160531,-0.5,0.070423355, J
248369726,19.67884076,2764.730728,10,1,1.639201127,-0.5,0.068300047, J
248369790,0.122663863,2749.622072,10,1,0.070654385,0.01,0.002943933, J
248369821,28.71187341,2761.515635,10,1,1.374588466,0.494837054,0.057274519, J
248369903,0.469841242,2749.70945,10,1,0.30870465,-0.5,0.012862694, J
248369910,33.30151503,2780.466617,10,1,6.879433942,-0.5,0.286643081, J
248370003,25.10052896,2769.965385,10,1,50.04496432,0.5,2.085206847, J
248370117,28.58363288,2761.613703,10,1,1.893054659,0.296998914,0.078877277, J